ref_area.label,time,Occupation (Skill level): Skill level 1 ~ low,Occupation (Skill level): Skill level 1 ~ low,Occupation (Skill level): Skill level 2 ~ medium,Occupation (Skill level): Skill level 2 ~ medium,Occupation (Skill level): Skill levels 3 and 4 ~ high,Occupation (Skill level): Skill levels 3 and 4 ~ high,Occupation (Skill level): Total,Occupation (Skill level): Total
,,Sex: Female,Sex: Male,Sex: Female,Sex: Male,Sex: Female,Sex: Male,Sex: Female,Sex: Male
Afghanistan,2014,55.43,37.45,28.16,55.37,77.24,90.15,49.77,53.68
Afghanistan,2020,52.04,42.67,95.67,60.31,216.61,135.32,183.93,81.53
Albania,2018,184.0,193.0,1005.0,1203.0,1287.0,1359.0,282.0,303.0
Angola,2019,194.39,273.48,308.55,393.8,1025.32,1211.48,500.31,678.91
Angola,2021,171.95,286.39,295.27,322.43,1111.75,1020.48,500.89,574.06
Argentina,2000,,,,,,,4.0,4.0
Argentina,2001,,,,,,,3.9,4.0
Argentina,2002,,,,,,,3.6,4.1
Argentina,2003,,,,,,,4.6,4.4
Argentina,2004,2.96,2.55,3.68,3.64,6.63,8.13,4.18,4.39
Argentina,2005,3.26,3.02,4.5,4.27,7.81,9.5,4.84,5.14
Argentina,2006,3.86,3.68,5.81,5.57,10.1,11.3,6.16,6.38
Argentina,2007,,,,,,,8.4,9.0
Argentina,2008,5.95,6.29,9.18,8.96,16.13,16.88,9.95,10.19
Argentina,2009,7.37,7.6,11.01,10.77,19.77,19.99,12.32,12.15
Argentina,2010,9.4,9.41,13.45,13.07,23.34,23.96,15.13,14.86
Argentina,2011,12.14,11.99,17.09,17.4,29.51,30.73,19.37,19.64
Argentina,2012,16.3,15.97,22.15,21.99,36.75,38.6,24.82,24.6
Argentina,2013,20.45,20.44,27.7,27.82,46.32,50.56,31.25,31.58
Argentina,2014,28.08,26.29,36.09,36.93,60.49,63.28,41.11,40.91
Argentina,2017,69.6,63.61,85.25,85.87,139.85,147.44,95.15,94.3
Argentina,2018,83.98,78.78,103.37,106.55,177.6,192.38,120.01,121.88
Argentina,2019,110.71,110.45,145.43,146.86,255.1,263.69,170.77,170.12
Argentina,2020,172.23,165.76,221.71,215.28,365.67,410.95,270.73,270.36
Argentina,2021,228.01,207.56,290.33,296.7,505.8,578.3,351.8,356.73
Argentina,2022,413.09,375.01,486.41,507.31,855.72,909.65,553.41,553.14
Argentina,2023,842.06,790.26,1070.15,1112.11,1859.67,1997.45,1256.2,1274.29
Armenia,2014,447.68,408.06,380.7,506.45,552.96,726.87,485.87,588.32
Armenia,2015,368.42,405.37,397.87,524.68,580.42,809.53,497.84,620.39
Armenia,2016,357.22,430.56,394.16,559.2,625.38,831.52,518.19,647.84
Armenia,2017,395.72,469.84,407.59,576.25,619.82,873.71,519.89,661.29
Austria,2010,8.86,10.93,,,60.16,80.54,12.45,16.37
Austria,2014,9.56,11.85,,,63.62,82.52,13.65,17.55
Austria,2018,10.45,12.74,,,68.64,87.41,15.15,19.03
Bahamas,2019,41.5,26.85,24.79,28.42,33.25,33.45,29.87,29.25
Bangladesh,2013,40.47,42.07,56.55,58.18,95.88,91.26,58.84,58.95
Bangladesh,2017,33.78,39.44,44.29,48.6,106.43,119.07,53.34,57.95
Belarus,2016,,,,,,,3.37,4.47
Belarus,2019,2.71,4.19,20.76,24.23,18.63,28.72,4.9,6.5
Belgium,2010,11.97,14.38,,,76.8,88.86,17.78,19.8
Belgium,2014,13.82,14.3,,,82.42,89.71,19.15,20.49
Belgium,2015,12.45,14.64,,,77.23,85.91,17.72,19.89
Belgium,2016,12.45,14.64,,,77.23,85.91,17.72,19.89
Belgium,2017,12.61,14.92,,,78.85,87.63,18.07,20.4
Belgium,2018,12.95,15.17,,,80.85,89.85,18.47,20.74
Belize,2017,15.0,6.0,34.0,36.0,28.0,32.0,7.0,7.0
Belize,2018,7.15,4.97,6.67,7.87,12.59,12.3,8.39,7.6
Belize,2019,6.77,5.15,6.56,7.41,13.65,13.65,8.18,7.54
Belize,2020,4.98,4.62,29.07,30.34,42.46,43.29,6.92,6.35
Belize,2021,4.5,4.23,24.37,26.23,34.65,34.33,5.82,5.23
Bhutan,2018,42.64,58.48,59.48,67.99,98.53,112.72,74.82,85.36
Bhutan,2019,44.78,56.56,63.54,77.69,130.75,128.72,94.59,99.32
Bhutan,2020,50.7,64.17,68.89,81.3,149.87,144.58,100.52,108.19
Bhutan,2021,53.58,66.7,73.74,82.2,149.44,143.75,101.86,105.37
Bhutan,2022,50.69,69.81,75.42,82.81,148.22,138.72,105.13,104.55
Bolivia (Plurinational State of),2000,,,,,,,5.6,6.3
Bolivia (Plurinational State of),2001,,,,,,,5.3,6.6
Bolivia (Plurinational State of),2002,,,,,,,5.8,6.3
Bolivia (Plurinational State of),2021,11.89,14.41,14.1,17.13,35.75,37.93,21.9,22.66
Bolivia (Plurinational State of),2022,12.24,15.72,15.08,18.52,35.05,36.23,21.76,23.15
Bolivia (Plurinational State of),2023,12.95,17.39,15.45,18.29,35.81,37.86,22.71,23.94
Bosnia and Herzegovina,2001,1.77,2.33,2.27,2.36,3.64,4.59,2.59,2.78
Bosnia and Herzegovina,2006,1.92,2.39,2.39,2.72,3.59,4.03,2.72,3.0
Bosnia and Herzegovina,2007,2.21,2.76,2.25,2.79,3.99,4.52,2.88,3.17
Bosnia and Herzegovina,2008,2.23,2.8,2.9,3.08,4.72,6.05,3.44,3.69
Bosnia and Herzegovina,2009,3.44,3.17,2.85,3.57,5.67,5.32,3.92,3.93
Bosnia and Herzegovina,2010,2.82,3.24,2.85,3.65,5.68,5.46,3.95,4.06
Bosnia and Herzegovina,2011,2.63,4.24,4.88,4.06,5.81,6.6,4.99,4.68
Bosnia and Herzegovina,2012,2.94,3.27,3.1,3.94,6.34,5.47,4.26,4.21
Bosnia and Herzegovina,2013,4.23,3.52,3.25,3.8,5.45,6.38,4.21,4.39
Bosnia and Herzegovina,2014,2.83,3.45,3.29,4.0,5.36,5.89,4.05,4.4
Bosnia and Herzegovina,2015,5.34,3.3,3.27,3.91,6.11,6.08,4.61,4.34
Bosnia and Herzegovina,2016,2.91,3.74,3.58,4.01,5.02,5.67,4.01,4.37
Bosnia and Herzegovina,2020,5.11,6.56,5.84,9.5,9.76,9.42,7.3,9.12
Bosnia and Herzegovina,2021,5.17,6.02,5.72,7.32,9.4,9.4,6.98,7.64
Bosnia and Herzegovina,2022,5.81,6.65,5.88,7.71,9.78,9.98,7.29,8.08
Bosnia and Herzegovina,2023,6.9,8.06,6.84,8.65,10.56,11.02,8.18,9.13
Botswana,2019,7.79,6.77,14.35,20.59,73.1,92.83,26.19,33.9
Botswana,2020,7.46,6.99,15.45,20.61,75.23,87.06,27.05,31.62
Botswana,2021,7.49,7.51,15.89,22.0,79.17,85.59,30.1,32.42
Botswana,2022,8.32,9.48,17.7,25.02,91.19,104.16,33.53,38.09
Botswana,2023,8.82,8.38,19.95,24.42,101.04,114.91,38.69,40.71
Brazil,2012,4.6,4.52,5.88,7.03,14.69,17.26,8.0,8.94
Brazil,2013,4.96,4.7,6.15,7.42,14.99,17.16,8.33,9.25
Brazil,2014,5.38,5.03,6.45,7.87,16.44,19.64,9.0,10.28
Brazil,2015,5.91,5.53,7.08,8.49,17.63,20.84,9.94,11.12
Brazil,2016,6.59,5.95,7.95,9.53,19.68,23.78,11.24,12.42
Brazil,2017,7.16,6.39,8.62,10.03,21.21,26.13,12.1,13.27
Brazil,2018,7.57,6.76,8.93,10.5,23.22,28.31,12.87,14.12
Brazil,2019,7.76,6.97,9.35,10.82,24.61,31.12,13.56,15.14
Brazil,2020,8.92,7.61,11.1,12.33,27.6,34.3,16.23,17.2
Brazil,2021,8.16,7.33,10.12,11.35,24.93,29.01,14.62,15.28
Brazil,2022,9.06,8.36,10.67,12.63,26.52,32.41,15.32,16.82
Brazil,2023,9.79,8.88,11.68,13.67,29.24,36.45,16.92,18.53
Brazil,2024,10.63,9.75,12.71,14.95,32.27,39.89,18.59,20.39
Brunei Darussalam,2014,2.28,3.81,5.52,4.79,18.57,18.25,10.18,10.22
Brunei Darussalam,2017,2.48,3.58,22.75,26.31,45.12,48.84,8.93,8.96
Bulgaria,2010,1.14,1.24,6.93,8.04,9.53,11.76,1.89,2.18
Bulgaria,2014,1.3,1.4,10.94,12.0,10.88,13.73,2.16,2.52
Bulgaria,2018,4.0,4.0,22.0,25.0,28.0,37.0,6.0,7.0
Burundi,2014,,,,,,,638.0,501.0
Burundi,2020,,,,,,,351.0,427.0
Cambodia,2000,502.16,642.44,793.41,813.73,883.28,854.68,749.32,763.84
Cambodia,2001,452.03,617.08,783.53,838.48,866.67,1159.46,687.36,824.08
Cambodia,2003,758.17,899.84,836.15,952.28,1674.56,1526.75,949.88,1070.86
Cambodia,2007,787.44,1074.12,1228.29,1613.6,1979.81,2208.55,1245.43,1608.24
Cambodia,2008,862.61,1235.09,1401.1,1815.61,2719.92,2393.34,1428.3,1785.98
Cambodia,2009,949.69,1265.05,1527.41,2050.11,2489.5,3046.13,1409.78,1880.59
Cambodia,2010,1095.85,1298.9,1629.97,2181.75,2919.87,3516.42,1566.06,2059.69
Cambodia,2011,1219.16,1537.35,1610.78,2453.01,2987.13,4051.84,1606.6,2276.26
Cambodia,2012,2289.67,2463.29,1850.08,2565.84,3546.74,3417.75,2227.72,2676.6
Cambodia,2013,1589.31,1975.89,1973.1,2725.42,3962.47,3427.12,2066.13,2547.41
Cambodia,2014,2000.8,2472.83,2619.12,3201.03,4169.44,4732.93,2597.22,3166.21
Cambodia,2015,2186.42,2426.88,2772.8,3320.82,4991.87,5257.02,2838.82,3322.82
Cambodia,2016,2188.59,2605.85,3233.1,3834.28,5404.9,5935.02,3279.33,3771.04
Cambodia,2019,3632.89,3927.29,4479.77,5201.61,8651.28,8572.91,4992.71,5619.24
Cambodia,2020,3199.82,3969.81,4480.24,5102.8,7464.0,9051.98,4636.57,5485.38
Cambodia,2021,3401.84,3753.04,4628.05,5235.93,7607.22,8804.75,4738.64,5399.83
Chile,2000,550.03,564.12,780.18,846.14,1967.31,2480.52,1025.61,1117.59
Chile,2003,,,,,,,1230.83,1471.59
Chile,2006,818.72,864.83,1136.79,1317.95,2768.29,3716.82,1444.48,1609.78
Chile,2009,1172.23,1315.63,1512.27,1835.18,3430.0,4390.44,2005.18,2253.75
Chile,2010,1058.47,1147.72,1355.44,1756.65,3544.0,4784.69,1932.22,2318.01
Chile,2011,1339.32,1529.39,1670.92,2037.44,4085.64,5555.19,2229.95,2618.4
Chile,2012,1268.66,1339.94,1624.9,2059.87,3975.18,5699.25,2281.08,2809.39
Chile,2013,1442.87,1497.31,1875.52,2090.01,4494.7,6279.52,2505.12,2859.68
Chile,2014,1557.0,1644.47,1868.46,2305.04,4530.3,6030.38,2646.83,3127.64
Chile,2015,1616.57,1734.67,2000.63,2469.62,4707.22,6368.8,2798.87,3351.53
Chile,2016,1741.81,1814.75,2199.26,2659.88,5160.68,6801.68,3027.84,3527.34
Chile,2017,1830.11,1953.74,2332.02,2701.14,5113.2,7032.43,3212.01,3749.09
Chile,2018,1895.6,1928.05,2398.44,2828.71,4948.36,6860.27,3266.58,3799.24
Chile,2019,,,,,,,4585.64,5168.2
Chile,2020,2343.58,2133.4,2814.09,3047.17,5455.09,7907.86,4022.25,4472.59
Chile,2021,2258.3,2216.85,2695.0,3151.92,5638.5,7390.69,3974.05,4404.6
Chile,2022,2576.19,2568.24,2943.74,3431.79,5871.41,8424.67,4194.5,5027.17
Chile,2023,2828.6,2881.57,3329.69,3886.47,6599.88,9105.16,4757.45,5635.88
Colombia,2002,1532.88,1375.96,1949.17,1818.09,4103.07,3554.3,2653.83,2267.02
Colombia,2003,1556.82,1533.11,2070.16,1993.28,3787.91,3594.29,2580.56,2397.1
Colombia,2004,1701.95,1603.65,2246.56,2164.27,4239.14,4031.6,2869.74,2648.18
Colombia,2005,1933.95,1759.3,2477.68,2329.82,4421.53,4408.55,3105.32,2861.44
Colombia,2007,2420.98,2496.95,3522.85,3041.8,5377.43,5230.58,4192.34,3718.94
Colombia,2008,2477.61,2469.46,3222.59,3146.8,5765.77,5647.94,4123.57,3837.78
Colombia,2009,2642.8,2565.23,3314.93,3212.33,5555.0,5466.5,4077.71,3823.65
Colombia,2010,2702.63,2678.98,3444.51,3384.47,5921.5,5747.1,4303.6,4048.74
Colombia,2011,2864.36,2885.63,3678.42,3595.63,6171.76,5892.16,4531.16,4236.12
Colombia,2012,3161.97,3214.02,3882.06,3805.19,6497.36,6195.26,4801.62,4490.92
Colombia,2013,3307.21,3304.92,4181.81,3993.69,6888.82,6671.53,5122.47,4790.8
Colombia,2014,3437.95,3463.22,4342.98,4253.75,6829.0,6633.25,5201.41,4952.97
Colombia,2015,3594.5,3657.4,4509.67,4387.48,6985.93,6613.18,5375.06,5048.47
Colombia,2016,3765.8,3904.01,4690.59,4676.04,7300.06,6999.09,5630.44,5361.56
Colombia,2017,4038.91,4097.29,4915.32,4788.78,7802.43,7412.25,5974.4,5588.68
Colombia,2018,4281.73,4296.33,5182.14,5112.18,8033.12,7580.53,6210.68,5827.01
Colombia,2019,4487.49,4510.34,5576.2,5384.32,8906.86,8613.3,6793.24,6334.38
Colombia,2021,4617.95,4558.94,5774.72,5480.5,8728.99,8279.92,6868.72,6272.7
Colombia,2022,4662.04,4703.48,5670.04,5934.48,13958.57,14891.65,8096.48,7902.13
Colombia,2023,5413.98,5385.94,6354.68,6716.46,15341.23,15972.9,9002.11,8745.98
Colombia,2024,6109.16,5973.79,7290.14,7530.38,18260.16,18726.14,10315.84,9871.19
Comoros,2014,283.07,398.96,510.22,428.54,653.41,672.54,582.71,520.44
Comoros,2021,304.14,1001.33,611.36,793.86,2057.38,978.57,1044.07,934.75
Congo,2009,271.53,288.81,492.62,434.24,831.71,943.96,632.7,569.88
"Congo, Democratic Republic of the",2005,78.04,85.08,89.36,110.94,79.96,71.26,82.27,85.22
"Congo, Democratic Republic of the",2012,271.36,457.41,440.09,626.82,554.6,628.61,475.49,609.01
Cook Islands,2019,8.54,9.41,8.8,9.65,11.72,10.91,9.87,9.92
Costa Rica,2000,,,,,,,695.0,686.0
Costa Rica,2002,,,,,,,739.9,724.9
Costa Rica,2003,,,,,,,832.5,771.1
Costa Rica,2006,,,,,,,1031.7,1009.8
Costa Rica,2007,,,,,,,1197.4,1236.5
Costa Rica,2008,,,,,,,1670.0,1774.0
Costa Rica,2009,,,,,,,2030.0,2027.0
Costa Rica,2010,1137.28,1055.65,1333.11,1403.86,3502.38,3677.75,1905.03,1938.03
Costa Rica,2011,1180.26,1103.9,8208.9,8060.53,14054.04,17691.21,2253.29,2067.91
Costa Rica,2012,1317.79,1177.52,7160.08,8340.39,14660.53,17481.91,2237.62,2200.86
Costa Rica,2013,1431.28,1267.79,7773.65,8849.53,15805.78,17692.86,2532.06,2277.31
Costa Rica,2014,1469.4,1356.92,10195.02,9834.25,17744.23,19427.1,2659.13,2415.37
Costa Rica,2015,1578.67,1436.7,9333.9,9715.73,18963.56,19324.38,2831.7,2501.5
Costa Rica,2016,1534.45,1462.35,9610.61,9876.78,19051.91,19642.28,2865.09,2618.4
Costa Rica,2017,1567.52,1492.38,8698.93,10219.2,19312.32,19416.79,2891.83,2555.33
Costa Rica,2018,1611.0,1538.0,9072.0,10047.0,21640.0,22027.0,2869.0,2602.0
Costa Rica,2019,1653.94,1558.63,9952.58,10099.02,20963.52,25205.0,2967.85,2804.3
Costa Rica,2020,1873.0,1601.0,9101.0,10816.0,20430.0,23236.0,3315.0,2810.0
Costa Rica,2021,1545.89,1429.49,9070.11,9644.35,18553.16,19987.72,2785.55,2511.24
Costa Rica,2022,1713.0,1605.0,9454.0,10303.0,20599.0,21583.0,3090.0,2716.0
Croatia,2018,27.0,34.0,168.0,196.0,186.0,239.0,44.0,50.0
Curaçao,2018,45.3,42.6,,,286.24,338.97,69.62,75.63
Cyprus,2010,5.88,7.89,29.23,46.23,62.88,67.44,10.91,13.12
Cyprus,2014,5.87,6.72,27.98,40.52,52.64,59.79,10.25,11.94
Cyprus,2018,6.0,7.0,,,58.0,63.0,11.0,12.0
Czechia,2012,76.42,96.54,508.86,610.8,586.59,804.82,130.23,165.37
Czechia,2013,77.72,97.9,522.46,623.68,597.75,803.28,132.36,166.89
Czechia,2014,79.84,99.94,535.24,643.1,614.73,827.07,135.59,171.13
Czechia,2015,82.22,101.53,552.67,661.03,628.81,846.98,139.28,176.58
Czechia,2016,87.8,109.1,579.5,693.6,647.3,866.6,146.1,183.5
Czechia,2017,96.5,117.7,629.2,744.0,695.5,930.0,157.5,196.9
Czechia,2018,103.6,127.2,684.8,801.9,745.2,984.6,171.2,212.0
Czechia,2019,111.2,131.4,742.6,865.3,826.9,1098.0,186.9,228.0
Czechia,2020,120.2,139.2,780.9,908.9,887.4,1143.3,200.8,238.8
Côte d'Ivoire,2017,389.05,364.59,382.06,475.57,1445.57,1841.93,668.12,786.62
Côte d'Ivoire,2019,474.47,1055.77,731.35,830.81,1316.2,1959.57,817.55,1117.87
Denmark,2010,19.34,22.35,111.92,122.87,89.7,112.27,24.2,29.19
Denmark,2014,19.93,23.06,114.15,124.15,96.72,120.68,25.35,30.16
Dominican Republic,2015,45.52,45.51,54.62,58.86,161.48,155.33,81.92,74.6
Dominican Republic,2016,46.29,52.02,54.63,64.32,155.72,160.98,81.5,79.4
Dominican Republic,2017,48.79,51.03,60.41,69.54,177.32,182.67,90.84,84.52
Dominican Republic,2018,53.34,55.94,65.07,75.84,183.5,201.73,94.67,94.05
Dominican Republic,2019,58.91,60.51,66.81,78.63,198.5,228.71,102.26,101.28
Dominican Republic,2020,83.24,74.45,79.86,95.45,271.2,319.71,133.39,130.65
Dominican Republic,2021,84.88,76.96,81.45,97.12,267.78,291.44,130.73,125.67
Dominican Republic,2022,93.27,90.69,91.01,109.23,239.15,258.03,131.38,131.18
Dominican Republic,2023,105.41,98.89,109.15,124.21,263.55,322.27,149.93,156.58
Ecuador,2014,2.14,2.08,1.76,2.06,4.12,5.35,2.29,2.23
Ecuador,2016,1.52,1.5,8.47,9.62,12.52,14.58,2.39,2.23
Ecuador,2017,1.58,1.48,8.51,9.68,13.04,15.14,2.38,2.24
Ecuador,2018,1.57,1.51,8.73,10.05,13.98,15.97,2.45,2.25
Ecuador,2019,1.7,1.56,9.0,10.15,14.09,15.9,2.53,2.27
Ecuador,2020,1.5,1.36,8.33,9.45,12.43,14.21,2.37,2.01
Egypt,2009,1.02,0.65,0.74,2.0,0.34,0.42,0.46,1.41
Egypt,2010,2.3,2.76,2.84,3.93,3.48,4.59,3.32,4.04
Egypt,2011,3.57,3.67,4.3,4.67,6.51,6.69,6.06,5.36
Egypt,2012,5.75,4.9,5.27,5.71,8.37,8.49,7.78,6.72
Egypt,2013,3.66,5.3,5.14,6.36,7.83,9.5,7.21,7.49
Egypt,2015,4.91,7.33,6.66,8.1,10.72,12.61,9.69,9.71
Egypt,2016,6.92,10.71,9.45,10.57,11.81,14.14,10.96,11.77
Egypt,2017,8.12,9.99,8.86,11.77,13.47,15.93,11.77,12.86
Egypt,2018,7.21,9.61,8.87,11.23,12.4,14.56,11.32,12.08
Egypt,2019,12.53,15.27,12.83,17.84,20.83,23.67,18.38,18.95
Egypt,2020,10.86,14.88,14.2,15.68,19.84,21.36,17.71,17.29
Egypt,2021,12.25,14.2,14.03,16.07,22.14,21.73,19.23,17.56
Egypt,2022,15.58,16.11,16.76,17.54,20.31,21.79,19.0,18.62
Egypt,2023,23.09,21.27,18.24,23.55,23.8,25.56,21.87,23.84
El Salvador,2000,,,,,,,11.56,12.56
El Salvador,2001,,,,,,,11.14,12.29
El Salvador,2002,,,,,,,11.25,13.96
El Salvador,2003,,,,,,,11.36,12.87
El Salvador,2004,,,,,,,1.36,1.42
El Salvador,2005,,,,,,,1.53,1.56
El Salvador,2006,,,,,,,1.56,1.52
El Salvador,2007,,,,,,,1.54,1.68
El Salvador,2008,,,,,,,1.58,1.71
El Salvador,2009,,,,,,,1.62,1.61
El Salvador,2010,0.81,1.16,1.22,1.51,3.25,3.55,1.57,1.63
El Salvador,2011,0.79,1.15,1.24,1.45,3.39,3.52,1.56,1.57
El Salvador,2012,0.92,1.22,1.28,1.61,3.37,3.55,1.66,1.7
El Salvador,2013,1.02,1.29,1.35,1.56,3.6,3.42,1.77,1.73
El Salvador,2014,1.11,1.29,1.37,1.59,3.53,3.48,1.81,1.76
El Salvador,2015,1.1,1.42,1.37,1.63,3.48,3.61,1.77,1.83
El Salvador,2016,1.06,1.36,1.42,1.66,3.41,3.47,1.71,1.79
El Salvador,2017,1.16,1.46,1.51,1.69,3.85,3.58,1.87,1.85
El Salvador,2018,1.28,1.44,1.61,1.77,3.79,3.57,2.02,1.91
El Salvador,2019,1.21,1.55,1.65,1.84,3.97,3.88,2.04,2.02
El Salvador,2020,0.44,0.25,0.31,0.2,0.26,0.25,0.33,0.23
El Salvador,2021,7.22,13.46,8.51,8.41,5.37,8.53,7.48,9.94
El Salvador,2022,11.38,14.57,9.77,9.33,5.53,9.22,9.31,10.57
El Salvador,2023,12.24,16.26,11.26,10.62,6.7,8.5,10.49,11.9
Estonia,2010,2.37,3.5,17.31,20.99,18.59,25.26,4.17,5.73
Estonia,2014,3.05,4.17,19.8,26.6,21.19,29.17,4.95,6.89
Estonia,2018,4.0,6.0,26.0,33.0,27.0,35.0,7.0,9.0
Eswatini,2016,13.81,11.99,20.7,26.78,35.98,47.51,22.69,27.67
Eswatini,2021,126.06,21.2,25.52,30.33,61.48,71.18,67.47,37.28
Ethiopia,2005,0.67,0.93,1.51,1.88,3.77,4.47,1.47,2.2
Ethiopia,2013,3.49,4.57,4.52,6.81,11.77,14.06,6.5,8.95
Ethiopia,2021,10.65,13.72,11.99,19.37,40.23,49.48,22.78,28.86
Finland,2002,,,,,,,12.13,14.8
Finland,2006,,,,,,,13.75,17.46
Finland,2010,11.59,14.18,68.25,,68.78,86.04,16.22,20.35
Finland,2013,12.05,14.64,74.76,81.94,74.8,90.42,17.57,21.33
Finland,2014,12.23,14.62,75.79,82.56,75.13,91.18,17.76,21.38
Finland,2016,12.19,14.71,75.31,82.24,76.51,92.31,17.92,21.42
Finland,2017,12.37,14.85,74.51,81.9,77.63,93.46,18.12,21.73
Finland,2020,12.78,14.84,77.26,84.64,79.36,96.01,18.81,22.22
Finland,2021,12.87,15.01,78.71,86.49,84.1,103.78,19.34,23.26
Finland,2022,13.2,15.2,80.2,88.5,85.7,105.4,19.8,23.8
France,2005,7.39,8.43,8.59,9.35,13.78,15.22,10.3,11.58
France,2006,7.72,8.85,8.66,9.56,14.23,15.57,10.55,11.86
France,2007,8.3,8.82,9.37,9.79,14.32,15.86,11.06,12.14
France,2008,8.45,9.23,9.28,10.2,14.5,16.01,11.13,12.48
France,2009,8.81,9.25,9.55,10.46,14.53,16.57,11.36,12.9
France,2010,8.75,9.27,9.43,10.44,14.57,16.22,11.34,12.78
France,2011,8.86,8.98,9.5,10.39,14.82,15.91,11.63,12.94
France,2012,9.05,9.23,9.66,10.65,14.77,16.55,11.75,13.38
France,2013,9.45,9.87,10.07,11.21,15.6,17.39,12.27,14.01
France,2014,9.6,10.01,10.4,11.14,15.19,17.24,12.28,13.9
France,2015,9.43,10.11,10.34,11.21,15.39,17.05,12.33,13.81
France,2016,9.32,9.66,10.22,11.18,15.32,16.86,12.33,13.71
France,2017,9.39,10.08,10.18,11.12,15.42,17.56,12.36,13.99
France,2018,9.54,10.6,10.46,11.47,16.05,17.7,12.81,14.32
France,2019,10.0,10.79,10.71,11.71,16.06,18.73,13.07,14.96
France,2020,10.42,10.87,11.35,12.08,16.98,19.71,13.95,15.77
Gambia,2012,9.82,12.42,22.06,16.14,20.72,32.29,16.8,19.03
Gambia,2018,18.81,18.95,18.86,17.76,32.44,32.34,23.32,23.2
Germany,2010,9.42,10.86,59.06,69.55,65.75,93.03,14.62,18.81
Germany,2014,9.58,10.38,64.0,75.05,74.37,99.46,15.44,19.87
Germany,2018,10.96,11.86,74.97,83.74,82.14,107.35,17.33,21.7
Ghana,2006,3330.04,4771.26,4273.03,5022.53,8496.01,12774.28,5744.67,6991.82
Ghana,2013,2.2,3.04,2.11,2.62,5.11,6.48,3.04,3.75
Ghana,2015,2.46,3.89,3.26,5.47,6.61,8.56,4.91,6.64
Ghana,2017,4.07,7.44,3.55,6.25,9.32,13.12,5.74,8.31
Ghana,2022,7.56,14.91,6.77,14.16,14.39,18.47,9.51,15.43
Greece,2010,7.01,7.7,,,39.43,49.17,10.03,11.81
Greece,2014,5.57,6.31,33.58,40.72,37.89,45.29,8.81,10.07
Greece,2015,4.11,4.53,4.54,5.07,7.21,7.52,5.45,5.71
Greece,2016,3.96,4.26,4.51,4.99,7.1,7.55,5.42,5.67
Greece,2017,3.87,4.22,4.6,4.92,7.36,7.77,5.55,5.69
Greece,2018,4.02,4.33,4.6,4.99,7.18,7.78,5.51,5.73
Greece,2019,4.08,4.56,4.55,4.99,7.53,8.17,5.57,5.87
Greece,2020,4.22,4.45,4.75,5.19,7.71,8.41,5.85,6.06
Guatemala,2000,,,,,,,6.9,8.5
Guatemala,2002,,,,,,,10.2,9.4
Guatemala,2023,10.0,9.69,12.85,16.72,44.95,42.31,17.4,15.4
Guinea,2019,4155.29,7074.25,69273.33,54621.19,35654.66,67317.94,9979.96,12591.4
Guyana,2018,347.49,392.66,359.41,425.15,591.62,698.3,435.07,458.13
Guyana,2019,370.35,400.03,383.9,430.96,610.57,657.76,458.68,460.17
Haiti,2001,,,,,,,8.9,10.6
Honduras,2001,,,,,,,19.7,20.7
Honduras,2002,,,,,,,19.8,19.2
Honduras,2003,,,,,,,22.3,22.2
Honduras,2004,,,,,,,21.7,21.9
Honduras,2005,13.28,12.81,16.52,19.41,51.22,53.81,27.64,23.25
Honduras,2006,12.63,14.22,19.09,20.38,51.51,53.45,28.17,24.49
Honduras,2007,14.98,15.97,22.29,22.9,60.24,59.57,32.98,27.29
Honduras,2008,16.47,20.27,25.65,28.63,65.57,63.54,37.29,32.2
Honduras,2009,19.62,22.93,27.36,29.99,68.92,65.34,39.56,33.36
Honduras,2010,19.34,24.98,30.41,30.4,73.68,73.5,42.15,36.11
Honduras,2011,28.29,30.79,40.93,34.96,89.61,110.3,53.79,46.93
Honduras,2012,26.52,27.83,33.97,35.09,78.31,76.65,47.34,40.68
Honduras,2013,22.3,21.75,29.78,28.88,68.04,60.3,40.19,31.96
Honduras,2014,21.73,23.07,30.66,29.63,75.23,70.56,43.22,34.33
Honduras,2015,22.42,20.35,32.88,31.06,77.51,76.36,42.87,34.35
Honduras,2016,22.85,18.75,32.78,32.03,75.75,82.36,43.55,35.87
Honduras,2017,24.29,19.35,34.15,35.11,71.74,83.43,42.6,36.09
Honduras,2018,20.82,19.22,33.89,34.57,75.12,82.39,42.05,34.15
Honduras,2019,22.15,19.83,35.58,36.88,79.04,84.15,46.41,37.17
Honduras,2020,48.86,31.82,76.38,50.09,137.52,117.39,81.35,51.74
Honduras,2021,163.35,121.75,154.57,156.49,270.12,245.84,183.64,149.01
Honduras,2022,59.11,46.55,49.12,53.25,119.34,97.22,68.83,55.21
Honduras,2023,52.01,44.62,58.12,63.31,126.03,122.69,71.87,61.26
Hungary,2010,2.4,2.56,14.9,17.08,17.63,24.33,4.04,4.91
Hungary,2014,2.77,2.93,15.79,18.62,17.75,25.28,4.25,5.0
Hungary,2018,963.0,1065.0,6398.0,7209.0,6755.0,9014.0,1607.0,1874.0
Hungary,2019,1030.65,1200.67,7692.03,9108.62,7874.13,10702.5,1906.27,2298.62
Hungary,2020,1150.0,1317.0,8610.0,10215.0,9001.0,12220.0,2174.0,2603.0
Hungary,2021,1305.0,1528.0,9468.0,11374.0,10312.0,14010.0,2454.0,2940.0
Hungary,2022,1564.0,1799.0,11160.0,13461.0,11719.0,16216.0,2858.0,3470.0
Iceland,2014,1840.0,2050.0,,,9910.0,13120.0,2490.0,3110.0
Iceland,2015,1970.0,2190.0,,,10810.0,14390.0,2720.0,3370.0
Iceland,2016,2180.0,2420.0,,,11620.0,15550.0,2920.0,3610.0
Iceland,2017,2200.0,2510.0,,,12540.0,16500.0,3120.0,3790.0
Iceland,2021,2730.0,2900.0,,,14510.0,18270.0,3690.0,4300.0
Iceland,2022,2960.0,3130.0,,,15490.0,18890.0,3980.0,4510.0
India,2018,25.36,38.03,36.81,51.45,82.0,116.76,52.54,67.71
India,2019,27.11,38.86,39.6,53.71,84.83,117.51,53.91,68.16
India,2020,30.04,41.42,43.85,58.31,95.95,131.94,58.85,74.65
India,2021,31.18,43.52,45.5,59.84,96.22,130.28,59.89,76.86
India,2022,33.05,46.3,46.87,61.29,101.81,142.41,64.06,81.69
India,2023,35.3,49.41,51.47,65.57,111.7,149.77,67.98,86.87
Indonesia,2007,2594.36,4022.31,4299.51,5277.53,9561.87,12286.32,5332.86,6322.8
Indonesia,2008,2929.01,4355.59,4735.68,5532.95,10662.99,13166.78,5701.54,6735.12
Indonesia,2009,3001.59,4838.05,5403.83,6311.81,11192.79,15033.42,6270.85,7751.8
Indonesia,2010,3208.97,5137.44,5752.37,6569.17,11870.22,15073.73,6931.13,8058.53
Indonesia,2012,3885.66,5405.98,6333.81,7190.2,14519.35,18820.56,7621.45,8348.66
Indonesia,2013,4627.83,6465.48,7389.7,8713.39,16613.28,21875.24,8842.86,9939.92
Indonesia,2014,4749.18,6571.7,7472.13,8847.13,15913.27,22229.3,8926.67,10117.95
Indonesia,2015,4994.68,6968.02,8166.14,8942.12,18268.96,24024.0,9920.39,10542.42
Indonesia,2016,6391.82,8592.81,10103.12,11343.44,18543.4,25256.13,11301.49,12534.65
Indonesia,2017,7012.67,9601.33,11186.79,13013.66,21002.93,29221.41,12717.63,14529.82
Indonesia,2019,7986.4,10875.18,12138.22,14196.72,21055.45,29833.63,13484.06,15718.96
Indonesia,2020,8260.04,11178.13,13089.45,14764.71,24407.48,31897.24,14938.72,16301.85
Indonesia,2021,8253.29,11218.99,13895.56,15090.63,28799.39,35037.81,16575.69,16814.63
Indonesia,2022,8721.26,11920.07,13140.08,15520.83,22971.04,32479.9,14784.2,16938.69
Indonesia,2023,9166.72,12465.28,13574.85,15917.44,21534.41,31394.71,14778.47,17074.31
Iraq,2021,2802.0,1850.0,12756.0,12947.0,19285.0,17205.0,4692.0,2829.0
Ireland,2010,13.47,15.5,75.65,88.42,77.74,93.12,20.62,23.94
Ireland,2014,14.25,18.05,,,84.04,99.12,22.55,26.2
Ireland,2018,13.0,15.0,,,81.0,99.0,22.0,24.0
Israel,2014,24.0,26.0,131.0,205.0,199.0,248.0,49.0,58.0
Israel,2015,25.0,25.6,175.1,203.0,204.7,254.6,50.6,59.6
Israel,2016,25.0,30.0,181.0,218.0,198.0,260.0,50.0,62.0
Israel,2018,26.1,32.6,199.4,236.6,222.7,278.3,55.7,66.3
Italy,2008,6.52,6.48,7.02,7.43,10.71,10.76,8.37,8.37
Italy,2009,6.7,6.72,7.29,7.66,11.21,11.06,8.66,8.59
Italy,2010,6.55,6.58,7.41,7.72,11.26,11.13,8.65,8.6
Italy,2011,6.85,6.74,7.4,7.83,11.54,11.22,8.74,8.72
Italy,2012,7.24,6.91,7.65,8.07,11.63,11.43,8.92,8.95
Italy,2013,7.5,6.99,7.79,8.11,11.7,11.52,9.05,9.04
Italy,2014,7.53,7.31,8.02,8.35,12.09,11.86,9.26,9.31
Italy,2015,7.69,7.44,8.14,8.42,12.7,11.79,9.54,9.34
Italy,2016,7.52,7.61,8.03,8.24,12.68,11.69,9.47,9.24
Italy,2017,7.7,7.57,8.15,8.41,12.46,11.6,9.53,9.3
Italy,2018,7.7,7.28,8.2,8.45,12.33,11.71,9.49,9.31
Italy,2019,7.55,7.72,8.3,8.68,12.73,11.71,9.68,9.55
Italy,2020,8.66,8.47,9.07,9.58,13.84,12.74,10.73,10.47
Jamaica,2001,,,,,,,135.0,145.0
Jamaica,2002,,,,,,,127.0,150.0
Jamaica,2008,97.72,112.66,125.18,165.79,340.48,428.82,169.63,192.89
Jamaica,2009,84.3,96.29,115.41,140.93,277.85,351.09,151.1,165.22
Jamaica,2010,84.65,100.76,125.3,147.43,293.04,329.39,158.7,164.81
Jamaica,2011,93.65,104.62,127.81,152.47,333.79,388.5,176.08,181.98
Jamaica,2012,92.49,99.11,126.06,135.06,314.98,380.93,169.21,169.66
Jamaica,2013,93.74,105.23,151.11,155.17,383.26,436.59,208.02,193.11
Jamaica,2014,92.75,128.67,153.81,155.86,412.93,464.52,218.53,205.73
Jordan,2017,0.97,1.6,1.57,1.79,2.47,3.01,1.86,2.01
Jordan,2018,1.06,1.54,1.62,1.59,2.35,2.67,1.9,1.78
Jordan,2019,1.05,1.5,1.59,1.52,2.41,2.63,1.92,1.69
Jordan,2020,1.01,1.52,1.67,1.5,3.21,3.13,2.27,1.74
Jordan,2021,1.15,1.62,1.69,1.57,2.98,3.13,2.26,1.83
Jordan,2022,1.07,1.54,1.78,1.62,2.79,2.92,2.15,1.82
Jordan,2023,0.97,1.61,1.68,1.57,2.69,2.9,1.87,1.79
Kenya,2005,17.56,22.75,30.3,34.96,121.8,143.59,47.87,51.14
Kenya,2019,26.81,30.99,90.15,71.98,220.05,327.34,94.77,103.15
Kenya,2021,2102.67,1836.55,2392.89,2595.37,3766.59,4960.5,2861.44,3063.91
Lao People's Democratic Republic,2010,5726.49,7818.37,5450.67,7621.37,5406.19,6092.69,5438.14,6900.6
Lao People's Democratic Republic,2017,9395.63,11699.79,13040.41,12773.02,20227.98,23371.79,16068.23,16022.75
Lao People's Democratic Republic,2022,14059.4,18031.12,14638.71,17405.33,13650.66,16919.71,13882.58,16932.18
Latvia,2010,2.06,2.6,13.19,16.33,14.51,18.3,3.5,4.14
Latvia,2014,2.44,3.0,15.43,20.77,16.68,21.69,4.04,4.89
Latvia,2018,3.0,4.0,21.0,28.0,23.0,31.0,6.0,7.0
Lebanon,2019,3596.8,3539.13,5776.49,5011.11,10831.9,12257.48,8266.98,6086.99
Lesotho,2019,10.04,11.35,12.74,20.25,51.63,54.35,19.04,21.05
Liberia,2010,2.32,1.49,1.4,1.29,1.4,2.31,1.52,1.68
Liberia,2017,22.62,19.48,4.93,7.07,8.94,6.82,8.42,7.96
Lithuania,2010,1.75,2.08,,,12.56,15.48,3.24,3.68
Lithuania,2014,2.11,2.39,,,14.31,17.89,3.65,4.2
Lithuania,2018,2.81,3.26,15.28,20.73,18.19,21.83,4.83,5.52
Luxembourg,2010,12.26,14.1,,,95.17,109.9,20.67,22.64
Luxembourg,2014,12.9,13.53,74.49,84.36,94.98,106.22,22.18,23.44
Luxembourg,2018,14.0,15.0,84.0,89.0,102.0,111.0,25.0,25.0
Madagascar,2012,403.9,456.7,726.64,852.0,1732.86,2319.57,858.79,1079.89
Madagascar,2015,489.34,489.36,1038.91,960.79,2226.42,2292.34,1377.52,1258.41
Malawi,2013,145.15,228.02,249.78,198.7,337.96,543.02,204.55,252.01
Malaysia,2011,3.63,5.04,27.13,34.65,53.62,63.7,9.34,9.26
Malaysia,2012,4.14,5.23,26.83,36.38,56.52,67.77,9.99,9.74
Malaysia,2013,4.19,5.67,29.98,39.22,62.99,72.35,10.66,10.33
Malaysia,2014,4.41,6.01,31.24,42.53,69.83,79.69,11.37,11.21
Malaysia,2015,4.73,6.46,34.6,45.52,70.73,86.41,12.26,11.99
Malaysia,2016,8.0,6.0,50.0,39.0,84.0,73.0,14.0,14.0
Malaysia,2017,7.0,9.0,42.0,55.0,81.0,94.0,15.0,15.0
Malaysia,2018,7.0,9.0,45.0,58.0,86.0,103.0,16.0,16.0
Malaysia,2019,8.0,10.0,48.0,60.0,92.0,103.0,17.0,17.0
Malaysia,2020,9.0,10.0,47.0,54.0,79.0,89.0,16.0,16.0
Maldives,2016,46.86,40.99,44.29,45.67,68.84,95.03,56.47,64.06
Maldives,2019,33.84,43.38,45.37,56.85,73.27,80.95,56.93,66.21
Mali,2013,161.12,473.45,232.83,351.74,833.46,824.61,394.66,515.84
Mali,2014,39.56,160.93,260.11,318.85,602.11,827.63,291.35,473.87
Mali,2015,61.48,206.94,272.64,279.52,836.64,762.52,342.39,424.15
Mali,2016,70.51,171.97,203.73,266.43,601.14,906.8,302.41,433.83
Mali,2017,84.88,213.73,161.18,355.57,626.59,803.88,258.08,459.23
Mali,2018,42.06,296.23,116.2,361.74,705.89,946.21,206.53,532.71
Mali,2020,75.01,264.97,392.4,323.76,620.54,912.1,368.54,490.2
Malta,2010,5.01,5.61,,,31.45,36.14,8.08,8.71
Malta,2014,5.83,6.68,,,36.72,43.8,9.25,10.35
Malta,2018,7.0,8.0,,,42.0,52.0,11.0,13.0
Marshall Islands,2019,3.1,3.89,3.6,3.83,6.71,6.12,5.17,4.57
Mauritius,2001,23.53,35.26,27.08,36.32,83.49,107.83,34.25,46.36
Mauritius,2002,24.93,37.47,28.95,39.2,78.57,112.4,36.02,49.52
Mauritius,2003,24.71,41.31,31.88,43.18,93.51,117.08,41.03,53.5
Mauritius,2004,24.05,38.01,33.74,42.58,92.63,123.1,41.65,54.07
Mauritius,2005,26.73,44.41,37.51,48.93,118.5,147.28,50.3,62.68
Mauritius,2006,27.51,44.2,39.46,49.38,106.65,141.3,48.78,62.95
Mauritius,2007,29.14,48.36,42.21,53.03,114.47,150.65,53.45,66.96
Mauritius,2008,31.76,54.98,45.01,57.74,138.87,190.77,59.64,77.73
Mauritius,2009,34.78,59.17,49.33,63.29,176.49,217.13,71.09,88.16
Mauritius,2010,37.34,62.83,54.69,70.01,161.87,216.41,74.45,94.87
Mauritius,2011,40.79,63.13,57.17,68.87,144.53,206.92,73.99,96.31
Mauritius,2012,43.11,71.06,66.93,74.89,178.03,217.31,87.73,105.07
Mauritius,2013,46.48,73.88,66.26,78.88,192.67,223.66,98.27,113.25
Mauritius,2014,52.14,85.47,76.64,92.57,222.63,262.54,113.94,134.06
Mauritius,2015,57.28,90.64,81.75,97.58,232.21,273.88,121.48,139.75
Mauritius,2016,61.01,95.17,83.0,98.99,218.45,270.6,116.45,142.71
Mauritius,2017,61.06,88.67,85.05,99.79,217.04,271.11,117.06,141.1
Mauritius,2018,71.5,97.93,96.06,111.49,242.05,287.25,132.86,155.47
Mauritius,2019,66.9,90.24,87.0,101.36,219.7,247.16,122.08,136.48
Mauritius,2021,77.23,104.73,98.2,110.97,211.7,256.68,125.95,144.52
Mauritius,2022,65.08,98.37,98.08,116.86,192.07,238.83,113.94,139.82
Mauritius,2023,144.1,148.39,109.31,139.67,199.45,279.58,122.52,155.79
Mexico,2000,,,,,,,18.5,24.3
Mexico,2002,12.23,13.67,15.3,15.97,36.35,43.01,20.37,20.72
Mexico,2003,13.51,14.83,16.42,17.17,39.75,45.78,22.15,22.19
Mexico,2004,14.4,15.92,17.11,18.09,40.61,46.22,22.93,22.96
Mexico,2005,12.6,15.83,18.41,20.61,43.36,50.72,23.4,23.27
Mexico,2006,13.32,17.08,20.02,22.14,45.61,52.15,25.14,24.73
Mexico,2007,13.98,18.75,21.17,23.74,50.93,58.79,26.8,26.76
Mexico,2008,15.24,19.33,21.87,24.69,52.84,59.5,27.58,27.58
Mexico,2009,16.71,19.76,22.53,24.84,54.01,59.65,28.5,27.68
Mexico,2010,16.31,20.1,22.6,25.05,56.13,61.47,28.84,28.02
Mexico,2011,16.98,20.53,23.36,25.51,55.91,58.93,29.26,28.07
Mexico,2012,19.16,20.74,23.54,25.81,55.79,59.73,30.2,29.14
Mexico,2013,22.05,20.59,23.65,25.95,54.28,59.35,30.82,29.76
Mexico,2014,22.71,20.91,23.9,26.35,55.05,60.63,31.03,29.97
Mexico,2015,23.6,21.54,24.7,27.21,57.95,63.05,32.09,30.94
Mexico,2016,24.79,22.59,26.15,28.72,59.49,64.87,33.39,32.25
Mexico,2017,26.61,23.59,27.6,30.12,61.32,66.56,34.7,33.45
Mexico,2018,27.78,24.95,28.8,31.86,62.76,68.32,36.14,35.18
Mexico,2019,29.8,26.7,30.77,33.77,64.15,71.12,37.85,37.16
Mexico,2020,29.56,30.28,36.87,38.17,82.15,85.83,45.43,42.58
Mexico,2021,29.75,32.34,36.89,39.03,81.5,89.04,45.44,43.4
Mexico,2022,31.37,35.5,38.44,41.33,80.38,86.83,46.18,45.39
Mexico,2023,40.13,36.43,41.27,46.08,83.55,91.23,50.57,50.95
Mongolia,2008,593.34,663.85,3405.36,3783.75,3368.52,3743.79,898.13,955.65
Mongolia,2009,795.25,801.35,4764.58,4908.15,4578.86,5167.14,1250.26,1296.64
Mongolia,2010,1023.85,1082.29,5528.38,5790.6,5362.28,5815.08,1407.9,1520.19
Mongolia,2011,1039.26,1075.17,7278.53,7293.63,6365.71,7124.75,1662.39,1807.77
Mongolia,2012,1342.88,1275.06,8432.27,9003.2,8108.42,9461.26,2114.93,2322.4
Mongolia,2013,1555.33,1664.76,10067.42,11134.12,9492.41,11363.51,2509.67,2843.5
Mongolia,2014,1867.25,1942.99,11863.1,12754.29,10699.56,12430.13,2902.78,3197.55
Mongolia,2015,1995.2,2017.69,12360.81,13304.75,11541.77,13358.07,3045.43,3336.21
Mongolia,2016,1977.26,2037.09,12178.25,13725.56,11480.19,12911.63,2999.44,3288.57
Mongolia,2017,2100.0,2000.0,12900.0,13800.0,11400.0,13900.0,3100.0,3500.0
Mongolia,2018,2200.0,2400.0,13600.0,14100.0,12300.0,14400.0,3300.0,3600.0
Mongolia,2019,2700.79,2685.42,2953.12,3707.15,4680.82,5430.53,3748.8,4144.71
Mongolia,2020,2905.93,3129.58,3486.46,4210.77,5411.9,5739.95,4416.8,4579.98
Mongolia,2021,2924.1,3348.98,3730.78,4481.19,5282.47,6764.15,4475.36,5112.85
Mongolia,2022,3607.27,4240.36,4303.35,5704.78,6011.46,7333.13,5040.0,6015.87
Mongolia,2023,4334.74,5256.63,4919.37,6768.46,6937.28,8689.31,5898.68,7194.02
Montenegro,2014,2.21,2.85,,,17.91,19.94,3.91,4.24
Myanmar,2015,444.3,572.97,455.22,655.48,926.26,963.82,516.72,646.58
Myanmar,2017,526.04,636.99,731.76,813.66,1066.08,1373.4,833.59,876.56
Myanmar,2018,604.29,756.38,871.91,963.41,1235.8,1572.5,969.49,1019.88
Myanmar,2019,766.99,874.17,1002.0,1115.54,1308.67,1639.67,1070.09,1157.18
Myanmar,2020,769.69,1044.49,1354.29,1385.95,1667.03,2038.36,1221.63,1316.78
Namibia,2012,8.82,8.6,21.51,22.81,76.46,104.51,31.5,34.19
Namibia,2013,12.12,11.28,25.77,27.94,80.65,124.78,36.47,43.4
Namibia,2014,11.35,17.98,26.06,22.79,86.77,150.95,37.75,42.28
Namibia,2016,11.34,15.04,24.12,24.88,88.22,103.4,38.19,36.57
Namibia,2018,12.06,15.83,21.14,28.66,97.78,101.61,39.72,39.79
Nepal,2008,17.87,19.91,25.44,27.52,30.65,48.56,26.94,34.09
Nepal,2017,92.37,98.77,92.99,110.12,109.52,160.44,98.01,116.8
Netherlands,2010,10.4,10.05,61.5,72.01,61.89,77.58,15.56,18.85
Netherlands,2014,10.36,10.66,62.1,72.72,64.94,80.96,15.86,19.1
Netherlands,2018,11.0,11.0,67.0,79.0,72.0,86.0,17.0,20.0
Nicaragua,2005,,,,,,,13.6,15.1
Nicaragua,2009,,,,,,,24.0,24.5
Nicaragua,2012,13.06,15.1,17.98,22.54,41.02,50.65,23.57,23.78
Nigeria,2011,78.38,157.06,223.14,214.68,289.31,337.46,256.27,273.56
Nigeria,2013,108.62,128.89,139.61,246.75,338.92,514.14,261.84,360.62
North Macedonia,2018,128.95,152.78,691.36,820.21,813.01,1030.67,179.37,211.75
Norway,2010,19.6,21.59,109.89,118.92,93.05,118.33,25.51,30.29
Norway,2014,21.3,23.1,120.5,129.96,103.22,129.96,28.31,33.09
Norway,2018,204.0,214.0,1064.0,1173.0,950.0,1204.0,266.0,306.0
Occupied Palestinian Territory,2015,9.55,14.21,7.39,14.73,16.39,19.81,13.8,15.35
Occupied Palestinian Territory,2016,10.86,14.5,8.13,15.58,16.05,20.08,13.83,15.79
Occupied Palestinian Territory,2017,10.42,14.69,6.98,15.83,15.74,20.52,13.35,16.05
Occupied Palestinian Territory,2018,10.79,16.67,7.69,17.55,17.63,20.74,15.06,17.52
Occupied Palestinian Territory,2019,12.96,17.47,8.52,18.0,18.78,19.63,16.46,17.87
Occupied Palestinian Territory,2020,14.41,17.83,11.32,18.54,23.57,23.18,21.04,18.87
Occupied Palestinian Territory,2021,12.89,19.28,10.92,19.65,18.9,20.68,17.16,19.38
Occupied Palestinian Territory,2022,13.33,20.42,10.5,20.75,18.78,21.81,16.85,20.49
Pakistan,2006,11.09,18.1,16.61,23.19,41.18,53.24,22.1,26.41
Pakistan,2007,12.02,21.54,15.46,27.44,43.28,60.77,23.18,31.11
Pakistan,2008,14.66,27.38,19.36,32.0,43.01,66.84,25.07,36.74
Pakistan,2009,19.95,30.58,19.35,35.93,55.39,77.94,33.29,42.0
Pakistan,2010,20.72,32.08,23.75,41.59,66.5,95.46,37.67,48.26
Pakistan,2011,21.65,38.43,28.65,45.96,73.61,109.34,41.49,54.46
Pakistan,2013,27.15,46.5,35.31,56.44,93.28,152.51,49.82,68.25
Pakistan,2014,28.69,49.26,36.33,61.39,107.12,155.43,50.98,72.0
Pakistan,2015,39.36,54.51,40.86,67.58,111.64,176.06,59.95,81.16
Pakistan,2016,36.0,50.0,266.0,342.0,435.0,510.0,66.0,74.0
Pakistan,2017,37.05,67.78,302.64,455.4,525.85,617.76,71.56,92.58
Pakistan,2018,41.11,73.17,51.13,85.9,141.54,192.72,76.25,99.97
Pakistan,2019,50.43,78.27,54.72,92.58,160.4,220.11,96.03,110.7
Pakistan,2021,63.33,88.13,96.25,102.83,204.74,236.34,125.88,119.75
Panama,2000,,,,,,,2.8,2.9
Panama,2001,,,,,,,2.29,2.19
Panama,2002,,,,,,,2.38,2.28
Panama,2003,0.9,1.31,1.78,1.8,3.94,4.52,2.15,2.18
Panama,2004,,,,,,,2.24,2.26
Panama,2005,,,,,,,2.27,2.23
Panama,2006,,,,,,,2.34,2.32
Panama,2007,,,,,,,2.45,2.45
Panama,2008,1.53,1.7,2.28,2.15,4.64,5.77,2.8,2.65
Panama,2009,,,,,,,2.93,2.92
Panama,2010,,,,,,,3.1,3.11
Panama,2011,1.65,1.69,2.33,2.85,4.89,6.07,3.23,3.31
Panama,2012,1.79,2.01,2.76,2.96,5.58,6.91,3.73,3.61
Panama,2013,2.06,1.98,2.57,3.28,5.93,7.22,3.9,3.9
Panama,2014,2.27,2.2,2.87,3.78,5.85,6.82,3.96,4.08
Panama,2015,2.36,2.33,3.0,3.44,6.12,7.72,4.22,4.22
Panama,2016,2.55,2.39,3.55,3.74,6.53,9.02,4.7,4.78
Panama,2017,2.78,2.77,3.73,4.22,7.35,8.3,5.14,4.86
Panama,2018,2.75,2.74,3.97,4.32,7.69,8.19,5.4,4.84
Panama,2019,2.91,2.84,3.48,4.54,7.41,10.02,5.04,5.55
Panama,2020,4.32,4.12,4.54,4.58,9.35,10.27,6.92,6.09
Panama,2021,3.29,3.23,4.25,4.96,11.08,11.86,7.14,6.2
Panama,2022,4.98,4.27,5.36,4.54,5.27,4.93,5.42,4.7
Panama,2023,3.16,2.87,3.71,4.34,8.06,9.58,5.46,5.26
Paraguay,2001,2935.72,2852.93,5238.01,4154.81,10270.4,11589.15,5354.18,5126.18
Paraguay,2002,2084.61,2729.37,4187.86,3914.55,9462.91,10634.48,4127.72,4509.53
Paraguay,2003,2033.85,3058.37,4698.75,4219.53,10116.81,12473.25,4824.02,5352.61
Paraguay,2004,2032.4,2979.72,4488.9,4255.83,9261.72,10822.21,4380.28,4879.23
Paraguay,2005,2174.35,3250.19,4272.23,4404.4,10411.73,11900.71,4824.41,5383.34
Paraguay,2006,2324.99,3607.57,5105.75,5341.33,11772.6,14176.42,5347.91,6351.84
Paraguay,2007,2530.2,4272.38,5403.79,5161.33,12997.24,13294.0,5738.97,6190.9
Paraguay,2008,3209.5,4381.3,6247.11,6274.2,12128.43,16132.34,6426.82,7464.69
Paraguay,2009,3512.61,4715.25,6213.5,6604.03,15245.25,17033.31,6908.88,7764.71
Paraguay,2010,3920.68,5354.83,7444.6,7057.69,15113.37,15999.62,7515.79,8026.51
Paraguay,2011,4544.99,6202.85,7050.5,7657.76,14376.18,18492.19,8458.35,9397.0
Paraguay,2012,5180.91,6269.02,7519.78,8450.81,17595.08,17569.78,9731.86,9718.82
Paraguay,2013,5280.75,7286.1,7600.55,9187.84,18356.84,21494.56,10429.95,11558.09
Paraguay,2014,6097.31,7670.99,8431.66,9824.99,20608.29,23767.03,11470.91,12110.26
Paraguay,2015,6640.07,7960.01,9047.68,10250.77,21164.78,24463.59,12393.49,12865.15
Paraguay,2016,6492.59,8228.59,8451.69,9992.74,20628.42,24584.2,11792.91,12415.48
Paraguay,2017,9257.6,9690.19,10994.75,12311.56,25523.76,28024.36,14680.86,14735.21
Paraguay,2018,9862.15,10471.4,11577.46,13465.04,26849.3,29170.64,15756.27,15935.08
Paraguay,2019,10769.88,10994.08,12065.98,13360.94,29285.75,30668.62,17106.48,16270.03
Paraguay,2021,10625.57,10783.38,11162.11,12867.1,29462.04,29682.38,16639.73,15143.89
Paraguay,2022,11145.02,11147.44,12535.44,13872.0,28983.9,30607.31,17260.78,16711.47
Paraguay,2023,12378.58,12160.24,13367.28,14625.54,30381.39,31608.02,18332.56,17614.39
Peru,2000,2.37,2.98,3.14,3.49,6.13,7.7,3.75,4.25
Peru,2001,2.27,2.68,3.38,3.81,6.39,8.06,3.83,4.3
Peru,2002,2.31,2.46,3.4,3.99,7.89,11.16,4.29,4.9
Peru,2003,2.17,2.39,3.83,4.14,7.09,11.0,4.17,4.85
Peru,2004,2.14,2.42,3.58,4.14,6.91,9.74,3.81,4.5
Peru,2005,2.1,2.33,3.33,4.09,7.43,9.95,3.87,4.46
Peru,2006,2.34,2.45,4.06,4.38,7.61,10.03,4.22,4.73
Peru,2007,2.48,2.86,4.2,4.8,8.2,10.08,4.62,5.11
Peru,2008,2.65,3.12,4.15,5.19,8.59,10.72,4.83,5.58
Peru,2009,3.09,3.56,4.69,5.54,9.61,12.67,5.49,6.29
Peru,2010,3.13,3.92,4.74,6.14,9.51,11.7,5.47,6.43
Peru,2011,3.58,4.21,5.35,6.39,9.33,12.01,5.92,6.81
Peru,2012,3.88,4.91,5.49,6.82,10.77,12.87,6.45,7.46
Peru,2013,4.28,5.17,5.98,6.98,10.83,13.08,6.77,7.7
Peru,2014,4.34,5.35,6.47,7.75,12.8,15.15,7.63,8.47
Peru,2015,4.65,5.47,6.25,7.56,11.85,14.25,7.26,8.18
Peru,2016,5.16,5.73,7.53,8.08,11.99,15.55,8.06,8.85
Peru,2017,5.42,5.74,6.7,8.35,13.58,14.67,8.12,8.83
Peru,2018,5.19,6.1,6.82,8.43,13.36,15.83,8.14,9.28
Peru,2019,5.6,6.16,7.1,8.79,14.27,17.54,8.61,9.68
Peru,2020,5.75,6.04,7.36,9.16,15.41,16.85,9.08,9.3
Peru,2021,6.31,6.72,7.32,8.71,15.53,17.78,9.29,9.85
Peru,2022,5.53,6.41,6.7,8.26,14.06,16.01,8.35,9.12
Peru,2023,5.73,6.72,7.29,8.71,15.79,17.39,9.31,9.93
Philippines,2007,30.18,33.7,41.06,46.4,93.71,106.17,49.39,48.24
Philippines,2008,31.63,34.75,41.56,46.47,95.96,106.6,50.87,48.8
Philippines,2009,33.29,37.55,44.97,50.2,104.01,113.71,54.76,52.55
Philippines,2010,36.0,38.18,45.78,51.28,107.07,116.84,57.14,53.64
Philippines,2011,39.1,40.55,48.11,53.81,114.09,125.23,60.51,56.43
Philippines,2012,44.04,44.29,52.01,58.17,125.42,132.42,67.05,61.46
Philippines,2013,47.01,44.77,52.87,58.15,126.66,139.13,68.45,61.86
Philippines,2014,50.96,48.88,54.49,61.61,136.3,143.82,73.15,66.14
Philippines,2015,56.46,50.88,57.64,64.74,140.53,148.34,77.34,68.92
Philippines,2016,60.97,51.62,60.02,66.5,143.79,146.53,80.3,70.17
Philippines,2017,69.5,57.48,63.16,70.97,148.04,147.68,86.5,75.55
Philippines,2018,75.1,59.73,66.88,74.09,149.38,150.5,90.67,78.57
Philippines,2019,82.46,64.16,71.37,78.37,159.6,163.39,97.79,84.07
Philippines,2020,89.82,74.83,85.71,90.42,199.77,187.31,117.94,97.35
Philippines,2021,94.23,77.27,85.59,91.71,170.59,168.56,111.81,96.1
Philippines,2022,93.32,77.94,85.94,90.44,178.74,174.26,111.74,96.43
Poland,2010,2.6,3.33,15.42,18.5,20.36,25.5,5.08,5.32
Poland,2014,2.87,3.39,16.92,19.92,21.53,27.42,5.42,5.87
Portugal,2000,468.75,543.05,516.99,622.1,1390.47,1246.17,674.09,720.27
Portugal,2001,502.49,565.1,553.8,655.58,1369.11,1312.54,698.47,758.61
Portugal,2002,2.63,3.04,2.93,3.43,7.26,7.04,3.69,3.98
Portugal,2003,2.68,3.03,3.03,3.55,7.44,7.16,3.85,4.14
Portugal,2004,2.74,2.96,3.13,3.53,7.78,7.61,3.95,4.21
Portugal,2005,2.88,3.21,3.15,3.75,7.79,7.42,4.12,4.41
Portugal,2006,3.02,3.36,3.28,3.84,7.79,7.89,4.25,4.61
Portugal,2007,3.09,3.35,3.33,3.96,8.03,8.29,4.32,4.76
Portugal,2008,3.26,3.56,3.47,4.17,7.91,8.06,4.45,4.89
Portugal,2009,3.29,3.64,3.55,4.3,8.07,8.06,4.57,5.06
Portugal,2010,3.39,3.69,3.54,4.27,8.12,7.85,4.61,4.97
Portugal,2011,3.49,3.6,3.81,4.35,7.85,8.11,4.9,5.38
Portugal,2012,3.6,3.67,3.68,4.28,7.9,8.21,5.01,5.4
Portugal,2013,3.47,3.8,3.6,4.31,8.17,7.99,5.1,5.43
Portugal,2014,3.59,3.55,3.68,4.27,7.42,8.02,4.99,5.51
Portugal,2015,3.57,3.72,3.71,4.29,7.56,7.93,5.11,5.55
Portugal,2016,3.75,3.72,3.9,4.38,7.44,7.97,5.19,5.63
Portugal,2017,3.88,3.85,4.0,4.49,7.86,8.23,5.44,5.75
Portugal,2018,4.0,4.03,4.14,4.74,7.76,8.14,5.51,5.88
Portugal,2019,4.15,4.28,4.39,4.83,8.29,8.52,5.81,6.15
Portugal,2020,4.68,4.63,4.82,5.35,9.0,9.37,6.55,6.94
Portugal,2021,4.73,4.99,5.03,5.46,8.42,9.95,6.51,7.31
Portugal,2022,5.04,4.89,5.1,5.74,8.82,9.15,6.69,7.11
Portugal,2023,5.28,5.32,5.46,5.92,9.01,9.6,6.86,7.26
Republic of Korea,2009,6414.0,7853.0,42686.0,70441.0,,,10589.0,16313.0
Republic of Korea,2010,6667.0,8003.0,44475.0,73447.0,,,11174.0,17001.0
Republic of Korea,2011,7175.0,9053.0,50251.0,78612.0,,,11931.0,17962.0
Republic of Korea,2012,7740.0,9294.0,53497.0,82337.0,,,12923.0,19200.0
Republic of Korea,2013,8451.0,10178.0,55723.0,87838.0,,,13954.0,20808.0
Republic of Korea,2014,8696.0,10531.0,62987.0,90304.0,,,14389.0,21737.0
Republic of Korea,2015,8525.0,10159.0,56323.0,85170.0,,,13545.0,20734.0
Republic of Korea,2016,9146.0,10496.0,60539.0,88849.0,,,14220.0,21412.0
Republic of Korea,2017,9710.0,11637.0,61850.0,92659.0,,,14890.0,22246.0
Republic of Korea,2018,11586.0,13107.0,71743.0,103110.0,,,17076.0,24918.0
Republic of Korea,2019,12454.0,13962.0,76321.0,107473.0,,,18252.0,26071.0
Republic of Korea,2020,11797.0,13566.0,72911.0,102028.0,,,17063.0,24221.0
Republic of Korea,2021,11879.0,13393.0,73516.0,104700.0,,,17498.0,24778.0
Republic of Korea,2022,13272.0,15004.0,82129.0,115614.0,,,19951.0,28217.0
Republic of Moldova,2007,4.75,5.08,6.17,8.49,9.16,11.62,7.32,8.59
Republic of Moldova,2008,5.77,6.37,7.73,10.68,11.3,14.08,9.04,10.71
Republic of Moldova,2009,6.49,6.7,8.08,11.14,12.86,15.41,9.95,11.31
Republic of Moldova,2010,6.99,7.25,8.37,11.42,14.61,16.72,10.93,11.79
Republic of Moldova,2011,7.16,7.42,8.97,12.07,15.75,17.27,11.74,12.36
Republic of Moldova,2012,7.64,7.87,9.64,13.61,17.79,18.95,13.14,13.73
Republic of Moldova,2013,8.67,8.91,10.59,14.35,18.84,20.2,13.88,14.67
Republic of Moldova,2014,9.19,9.7,10.98,14.89,19.72,21.81,14.31,15.37
Republic of Moldova,2015,9.66,10.31,12.38,16.29,21.44,24.39,15.84,17.12
Republic of Moldova,2016,10.21,10.08,13.46,17.05,23.05,24.76,16.94,17.46
Republic of Moldova,2017,10.92,10.73,14.53,18.51,23.71,25.65,17.67,18.5
Republic of Moldova,2018,12.19,12.88,16.12,21.06,25.96,29.31,19.48,21.33
Republic of Moldova,2019,15.41,16.21,19.82,24.37,31.45,37.69,23.82,25.63
Republic of Moldova,2020,17.05,17.23,22.26,26.74,35.47,41.28,26.56,27.47
Republic of Moldova,2021,18.03,18.31,23.39,28.61,37.78,45.02,28.45,29.84
Republic of Moldova,2022,20.83,22.22,26.14,32.0,41.03,50.14,31.06,33.15
Republic of Moldova,2023,24.26,25.22,30.18,36.82,50.42,59.75,36.83,38.43
Romania,2010,1.3,1.38,8.64,10.01,12.91,14.06,2.5,2.74
Romania,2014,1.52,1.54,9.48,10.19,13.07,14.76,2.72,2.85
Romania,2018,,,,,,,25.71,26.12
Romania,2019,,,,,,,28.48,29.12
Romania,2020,,,,,,,30.87,31.15
Romania,2021,,,,,,,32.49,32.91
Russian Federation,2015,83.0,96.0,630.0,792.0,632.0,892.0,164.0,217.0
Russian Federation,2017,101.0,118.0,724.0,908.0,751.0,1107.0,192.0,257.0
Russian Federation,2019,122.0,143.0,837.0,1049.0,834.0,1231.0,215.0,286.0
Russian Federation,2021,156.0,185.0,1085.0,1364.0,1154.0,1693.0,296.0,388.0
Rwanda,2014,448.67,500.85,921.44,1010.24,1237.34,1968.28,561.92,779.99
Rwanda,2017,243.92,302.55,608.74,698.57,1101.6,1843.61,332.71,530.8
Rwanda,2021,288.1,321.85,616.09,772.74,822.65,1116.55,344.23,461.62
Rwanda,2022,294.95,330.59,546.63,776.02,781.84,1047.49,342.68,468.96
Rwanda,2023,342.62,433.24,640.16,860.22,1182.74,1634.03,420.49,616.76
Samoa,2012,3.57,4.69,5.32,6.01,13.02,12.69,8.73,7.7
Samoa,2017,28.7,4.57,4.95,5.34,10.11,13.07,9.63,7.26
Samoa,2022,5.01,6.1,6.95,7.41,16.33,22.12,11.18,11.7
Senegal,2019,241.02,434.7,393.93,362.93,867.84,1500.77,391.25,519.91
Serbia,2014,1.79,2.36,,,12.33,14.47,2.96,3.24
Serbia,2018,251.28,296.88,1522.45,1738.38,1609.33,1868.09,386.9,424.26
Sierra Leone,2018,6632.69,19981.3,14180.84,15224.83,12734.04,15585.12,13565.76,15654.45
Slovakia,2010,,3.24,15.75,,18.9,25.49,4.21,5.24
Slovakia,2014,2.85,3.62,17.63,,20.26,27.02,4.74,5.9
Slovakia,2015,3.11,3.76,20.21,24.93,23.37,31.37,5.38,6.65
Slovakia,2019,4.28,5.02,27.61,33.29,28.76,37.55,6.86,8.25
Slovakia,2020,4.67,5.31,29.48,34.68,31.02,39.39,7.41,8.64
Slovakia,2021,5.07,5.71,31.34,37.02,32.4,40.56,7.89,9.22
Slovakia,2022,5.33,6.11,33.95,39.81,34.22,43.01,8.37,9.9
Slovenia,2010,5.13,5.75,31.8,34.78,41.53,46.92,9.07,9.13
Slovenia,2014,4.93,5.92,31.16,34.54,38.65,44.83,8.5,9.14
Slovenia,2018,6.0,7.0,36.0,39.0,40.0,49.0,9.0,10.0
South Africa,2000,155.01,108.87,254.77,139.44,315.85,267.52,230.06,153.67
South Africa,2001,5.05,5.9,11.95,11.34,26.57,34.32,13.56,13.03
South Africa,2002,5.29,5.26,11.76,10.6,28.79,36.96,13.75,12.64
South Africa,2003,5.61,5.8,12.61,11.61,32.88,40.1,14.8,13.34
South Africa,2004,5.85,6.94,12.19,12.08,34.23,41.97,14.87,14.11
South Africa,2005,6.31,7.81,13.03,13.42,37.22,42.87,16.75,15.39
South Africa,2006,7.39,9.25,13.95,14.79,37.9,52.87,17.45,18.61
South Africa,2007,7.74,9.79,15.98,15.74,43.93,55.04,21.5,20.03
South Africa,2018,23.0,35.0,130.0,135.0,70.0,82.0,18.0,20.0
South Africa,2019,14.47,16.8,96.71,106.27,277.18,276.62,19.0,21.0
Spain,2002,,,,,,,7.42,9.3
Spain,2006,,,,,,,8.9,10.84
Spain,2010,7.11,8.36,41.21,,47.61,57.89,10.41,12.43
Spain,2012,9.0,1.0,41.0,61.0,62.0,75.0,13.0,16.0
Spain,2013,9.0,11.0,43.0,63.0,63.0,76.0,13.0,16.0
Spain,2014,9.0,10.0,43.0,65.0,63.0,76.0,14.0,16.0
Spain,2015,9.0,11.0,44.0,65.0,63.0,76.0,14.0,16.0
Spain,2016,9.0,10.0,44.0,65.0,62.0,75.0,14.0,16.0
Spain,2017,9.0,11.0,45.0,65.0,63.0,76.0,14.0,16.0
Spain,2018,10.0,11.0,46.0,68.0,66.0,79.0,14.0,17.0
Spain,2019,10.0,11.0,58.0,71.0,69.0,80.0,15.0,17.0
Spain,2020,10.0,11.0,62.0,70.0,71.0,83.0,15.0,17.0
Spain,2021,10.0,12.0,63.0,70.0,73.0,84.0,16.0,17.0
Sri Lanka,2010,42.14,59.77,54.36,74.28,129.34,138.24,70.69,80.08
Sri Lanka,2011,48.16,66.52,62.6,82.31,146.98,167.9,82.69,92.26
Sri Lanka,2013,58.98,80.38,79.54,100.05,158.46,187.58,96.44,109.23
Sri Lanka,2014,64.96,88.05,89.66,109.02,177.72,206.84,109.59,120.11
Sri Lanka,2015,71.06,97.4,98.5,120.74,235.89,249.89,131.99,136.76
Sri Lanka,2016,75.01,107.62,102.06,134.19,229.25,260.78,134.05,147.88
Sri Lanka,2017,80.01,118.89,175.76,148.69,288.82,270.42,184.72,166.79
Sri Lanka,2018,88.77,132.27,126.49,164.47,274.37,321.15,164.98,187.53
Sri Lanka,2019,78.81,110.48,134.41,169.34,262.84,313.16,176.31,201.29
Sri Lanka,2020,87.49,134.4,162.39,191.55,318.3,349.04,208.7,231.47
Sri Lanka,2021,88.34,118.86,161.92,183.78,386.92,362.77,242.83,234.28
Sri Lanka,2022,98.92,125.57,171.88,189.73,354.07,379.97,235.69,238.77
Sudan,2022,336.13,1069.02,451.06,859.96,358.1,1437.24,384.45,1024.97
Sweden,2010,12.34,14.08,72.36,76.77,61.34,76.51,16.31,19.33
Sweden,2014,14.28,15.7,84.87,89.74,72.77,87.28,19.14,22.22
Sweden,2015,129.1,139.0,742.4,790.1,664.6,785.4,173.8,198.3
Sweden,2016,132.0,140.7,759.2,804.7,683.6,801.7,178.5,202.9
Sweden,2017,133.1,144.8,775.0,822.6,704.6,818.0,184.3,207.6
Sweden,2018,136.6,145.9,794.1,846.0,727.9,850.6,189.5,212.2
Sweden,2019,139.5,150.0,816.9,858.6,745.4,856.4,194.8,216.3
Sweden,2020,141.3,150.6,826.8,867.9,759.8,872.1,198.8,220.3
Sweden,2022,145.0,156.9,862.4,909.9,795.3,918.2,208.2,231.1
Switzerland,2000,26.87,24.81,26.34,30.03,39.04,43.04,31.3,35.57
Switzerland,2001,24.52,31.89,27.15,29.98,37.84,46.52,30.85,37.09
Switzerland,2002,26.5,27.82,27.36,31.44,40.68,47.32,32.23,38.1
Switzerland,2003,26.71,28.41,28.06,31.33,38.7,49.05,32.1,39.06
Switzerland,2004,24.66,26.54,27.09,31.27,38.85,47.43,31.55,38.29
Switzerland,2005,24.67,27.01,26.77,31.28,39.42,47.95,31.6,38.71
Switzerland,2006,27.07,27.73,26.24,30.67,39.76,47.56,31.84,38.27
Switzerland,2007,25.44,28.26,28.11,32.92,40.48,50.1,32.97,40.61
Switzerland,2008,28.56,27.44,27.86,32.48,41.78,51.21,34.07,41.04
Switzerland,2009,28.6,31.66,29.25,32.9,42.38,51.13,34.81,41.56
Switzerland,2010,27.12,28.38,28.57,32.79,42.11,52.63,34.1,41.59
Switzerland,2011,26.87,30.51,28.93,32.65,44.09,52.95,35.1,41.44
Switzerland,2012,26.81,29.18,29.25,32.83,44.54,54.28,35.58,42.34
Switzerland,2013,27.14,29.36,30.36,32.99,44.99,56.32,36.57,43.56
Switzerland,2014,29.1,29.73,30.11,34.1,50.03,56.8,39.05,44.53
Switzerland,2015,28.44,30.75,30.64,34.35,46.62,57.09,37.91,45.1
Switzerland,2016,28.25,32.99,31.3,32.83,45.47,54.32,37.68,43.55
Switzerland,2017,29.22,31.53,31.38,33.32,46.96,55.07,38.77,44.14
Switzerland,2018,26.8,29.43,30.17,33.77,47.62,58.48,38.53,46.04
Switzerland,2019,27.46,30.91,31.22,33.8,49.54,57.37,40.18,45.88
Switzerland,2020,30.2,30.89,35.4,37.07,52.94,60.46,44.32,48.9
Switzerland,2021,28.69,31.89,34.03,37.44,50.69,61.2,42.35,49.57
Switzerland,2022,28.11,29.13,32.04,35.22,52.15,58.96,42.32,47.63
Switzerland,2023,28.42,32.02,33.19,36.07,51.62,60.82,42.68,49.12
Tajikistan,2003,0.14,0.28,1.07,0.42,0.25,0.37,0.27,0.33
Tajikistan,2007,0.81,1.15,0.63,1.96,1.42,1.62,0.89,1.87
Tajikistan,2009,0.84,2.26,1.12,3.04,1.68,2.74,1.26,2.9
"Tanzania, United Republic of",2001,83.83,96.98,155.82,244.63,420.92,471.89,235.66,278.0
"Tanzania, United Republic of",2006,198.71,295.53,274.22,391.16,988.9,1340.92,478.09,567.99
"Tanzania, United Republic of",2010,280.28,1939.54,1597.38,1637.99,5056.57,6919.91,2233.44,2624.84
"Tanzania, United Republic of",2012,646.33,925.42,1389.12,2949.27,5015.65,6617.6,1850.56,2877.57
"Tanzania, United Republic of",2014,1027.7,1528.1,4521.19,3179.17,7022.51,6888.46,3890.38,2937.95
"Tanzania, United Republic of",2020,2059.34,1780.75,1905.12,1853.77,5079.9,5356.87,2344.05,2216.12
Thailand,2014,38.78,39.51,57.88,61.09,148.42,166.18,79.97,79.62
Thailand,2015,30.01,29.87,44.69,47.14,117.91,129.55,62.68,61.43
Thailand,2016,41.51,41.59,61.89,63.77,155.77,174.04,84.78,82.16
Thailand,2017,41.22,41.44,60.91,63.93,151.56,168.74,83.63,80.77
Thailand,2018,42.59,42.24,62.1,65.43,153.9,167.6,84.37,80.98
Thailand,2019,43.9,43.4,64.64,67.63,159.4,171.49,87.21,82.89
Thailand,2020,45.81,45.07,67.84,69.89,172.86,188.32,95.58,89.64
Thailand,2021,47.52,46.12,67.93,69.41,161.96,175.29,92.5,86.02
Thailand,2022,48.39,47.79,70.72,73.14,158.26,178.01,93.09,90.48
Thailand,2023,51.76,50.04,71.23,75.01,163.25,180.38,94.89,91.81
Timor-Leste,2001,3793.19,7405.68,11003.83,11962.12,14216.22,18767.47,9894.67,12123.67
Timor-Leste,2007,0.61,1.32,1.26,0.9,0.89,1.06,1.09,0.97
Timor-Leste,2010,0.66,0.79,0.79,0.77,1.31,1.23,1.07,0.97
Timor-Leste,2013,1.13,5.67,1.85,1.8,3.18,3.24,2.45,2.47
Timor-Leste,2016,5.3,1.11,7.99,1.59,5.56,2.46,7.16,1.64
Timor-Leste,2021,1.21,2.38,1.9,2.21,3.47,2.68,2.86,2.46
Tokelau,2016,3.56,3.1,3.59,3.92,6.47,6.97,4.76,4.71
Tonga,2018,7.77,23.22,13.23,12.79,14.35,13.75,13.37,14.15
Tonga,2021,12.48,14.25,6.25,11.28,8.58,14.6,7.76,12.75
Tonga,2023,15.8,17.48,8.82,11.47,10.71,13.07,10.36,12.74
Tunisia,2019,2.75,2.89,2.77,3.63,9.62,9.94,5.03,4.98
Türkiye,2005,1.69,1.94,2.14,2.4,5.04,5.05,3.06,2.88
Türkiye,2006,1.88,2.18,2.39,2.68,5.77,5.76,3.49,3.25
Türkiye,2007,2.29,2.57,2.91,3.18,7.13,7.17,4.27,3.9
Türkiye,2008,2.46,2.78,3.16,3.45,7.38,7.73,4.55,4.23
Türkiye,2009,2.67,3.08,3.48,3.72,8.44,8.7,5.17,4.68
Türkiye,2010,2.98,3.42,4.05,4.28,10.07,10.25,5.94,5.4
Türkiye,2011,3.37,3.72,4.47,4.78,11.62,11.97,6.68,6.12
Türkiye,2012,3.44,3.97,4.47,4.96,11.95,12.13,6.88,6.41
Türkiye,2013,4.06,4.72,5.22,5.79,13.64,13.94,7.74,7.41
Türkiye,2014,4.5,5.16,5.56,6.34,14.83,15.69,8.3,8.19
Türkiye,2015,5.06,5.8,6.02,7.02,15.94,16.75,8.97,8.97
Türkiye,2016,6.45,7.12,7.25,8.24,18.0,18.53,10.68,10.4
Türkiye,2017,7.13,7.65,7.97,9.06,19.42,19.72,11.62,11.26
Türkiye,2018,8.33,9.09,8.97,10.55,21.9,23.09,13.06,13.22
Türkiye,2019,10.24,11.06,11.23,12.95,26.77,28.0,16.3,16.3
Türkiye,2020,13.27,13.89,14.53,16.29,40.1,38.03,23.5,21.38
Türkiye,2021,19.52,19.62,20.04,22.89,41.78,46.3,27.96,28.21
Türkiye,2022,28.12,29.07,28.89,33.79,63.32,68.95,40.75,41.81
Türkiye,2023,60.12,65.5,61.01,73.09,135.44,145.47,86.44,90.27
Uganda,2010,875.29,1392.59,2397.03,2729.99,8865.66,17193.39,3298.82,5089.56
Uganda,2011,1593.3,1552.53,2523.42,2378.2,11328.51,14073.73,4516.12,4623.56
Uganda,2012,987.46,1158.53,822.46,1810.24,2704.67,2841.95,1329.11,1813.74
Uganda,2014,1778.67,1966.25,4172.53,3385.14,8647.97,18380.47,4742.34,7020.3
Uganda,2017,713.46,1449.17,1565.67,1835.24,2990.78,5500.34,1747.75,2446.62
Uganda,2019,1302.85,1409.04,1692.21,2545.11,4400.59,9262.23,2389.58,3265.63
Uganda,2021,831.71,1347.85,1144.88,2252.19,6392.83,15009.76,2126.75,4116.74
Ukraine,2012,10.37,11.6,68.16,83.36,65.73,81.93,17.66,22.07
Ukraine,2016,16.32,18.96,111.46,137.03,110.5,141.64,29.65,37.22
United Kingdom of Great Britain and Northern Ireland,2005,6.07,7.32,7.86,9.19,13.02,15.75,9.98,12.43
United Kingdom of Great Britain and Northern Ireland,2006,6.24,7.51,8.05,9.64,13.56,16.62,10.36,13.11
United Kingdom of Great Britain and Northern Ireland,2007,6.38,7.64,8.49,9.79,14.0,17.05,10.82,13.4
United Kingdom of Great Britain and Northern Ireland,2008,6.76,8.15,8.94,10.35,14.92,17.94,11.48,14.18
United Kingdom of Great Britain and Northern Ireland,2009,6.82,7.88,8.99,10.33,14.89,18.0,11.55,14.24
United Kingdom of Great Britain and Northern Ireland,2010,7.04,8.08,9.15,10.42,15.36,18.63,11.87,14.6
United Kingdom of Great Britain and Northern Ireland,2011,7.24,8.35,8.96,10.68,15.79,19.17,11.99,14.71
United Kingdom of Great Britain and Northern Ireland,2012,7.31,8.33,9.17,10.85,16.12,19.43,12.28,15.0
United Kingdom of Great Britain and Northern Ireland,2013,7.5,8.53,9.27,11.08,16.51,19.71,12.57,15.3
United Kingdom of Great Britain and Northern Ireland,2014,7.25,8.85,9.33,11.29,16.77,19.8,12.74,15.43
United Kingdom of Great Britain and Northern Ireland,2015,7.61,8.74,9.6,11.27,16.89,20.74,12.88,15.85
United Kingdom of Great Britain and Northern Ireland,2016,7.88,8.97,9.83,11.67,17.02,20.44,13.13,15.99
United Kingdom of Great Britain and Northern Ireland,2017,8.31,9.54,10.24,12.29,17.45,21.0,13.59,16.68
United Kingdom of Great Britain and Northern Ireland,2018,8.57,9.85,10.47,12.53,17.8,22.02,13.97,17.32
United Kingdom of Great Britain and Northern Ireland,2019,9.43,10.46,56.0,63.41,58.85,70.98,15.21,18.77
United Kingdom of Great Britain and Northern Ireland,2020,10.49,10.98,12.23,14.11,20.58,24.18,16.83,20.08
United Kingdom of Great Britain and Northern Ireland,2021,10.66,11.11,11.9,14.44,18.84,23.37,15.88,19.43
United Kingdom of Great Britain and Northern Ireland,2022,10.06,11.21,12.69,14.76,20.32,24.57,16.76,20.18
United Kingdom of Great Britain and Northern Ireland,2023,10.68,12.07,13.18,15.19,22.26,25.62,18.11,21.2
United States of America,2003,11.36,13.61,13.38,17.25,23.2,28.73,17.55,21.37
United States of America,2004,11.12,13.87,13.68,17.53,24.63,30.75,18.37,22.31
United States of America,2005,11.37,14.41,13.68,18.42,25.07,31.23,18.58,22.95
United States of America,2006,11.66,14.96,13.95,18.55,26.5,32.88,19.4,23.69
United States of America,2007,12.13,15.46,14.77,18.94,26.5,32.68,19.9,23.91
United States of America,2008,12.03,15.76,15.21,19.7,27.6,34.25,20.67,25.06
United States of America,2009,12.17,16.73,15.78,20.72,29.42,35.2,21.9,26.2
United States of America,2010,13.6,16.04,15.67,20.37,30.09,35.31,22.25,26.02
United States of America,2011,12.73,16.22,15.74,20.07,29.74,33.86,21.96,25.13
United States of America,2012,13.33,16.06,15.35,20.19,30.19,35.42,22.03,25.84
United States of America,2013,12.95,16.83,15.91,20.97,29.83,36.24,22.15,26.62
United States of America,2014,13.53,16.66,16.54,20.99,30.32,36.22,22.77,26.59
United States of America,2015,14.06,16.97,16.67,21.15,31.09,36.8,23.32,27.13
United States of America,2016,13.63,17.62,17.25,21.47,31.79,37.55,23.93,27.62
United States of America,2017,14.85,18.98,18.36,22.21,33.26,39.39,25.3,28.96
United States of America,2018,15.24,19.11,18.26,23.24,33.66,39.69,25.6,29.69
United States of America,2019,15.68,19.37,18.93,24.19,34.77,41.05,26.49,30.79
United States of America,2020,18.56,22.25,21.48,27.04,36.49,45.48,29.81,34.57
United States of America,2021,19.18,22.12,21.63,27.47,36.62,45.4,29.75,34.49
United States of America,2022,18.96,23.42,23.62,29.53,40.64,48.13,32.76,36.89
United States of America,2023,20.66,24.54,23.53,30.43,43.64,53.75,34.63,40.04
United States of America,2024,20.23,26.02,26.12,31.68,47.29,62.69,37.91,44.77
Uzbekistan,2021,6191.3,6851.4,40135.7,37111.5,49632.4,51635.2,15841.8,16109.0
Uzbekistan,2022,11617.02,14956.21,82652.35,95900.16,82666.96,103476.65,23620.0,32499.0
Vanuatu,2010,256.11,281.65,358.48,414.56,416.8,622.7,344.7,445.11
Venezuela (Bolivarian Republic of),2000,,,,,,,1354.0,1305.0
Venezuela (Bolivarian Republic of),2001,,,,,,,1552.0,1590.0
Venezuela (Bolivarian Republic of),2002,,,,,,,1752.0,1786.0
Venezuela (Bolivarian Republic of),2003,,,,,,,1967.0,1973.0
Venezuela (Bolivarian Republic of),2004,,,,,,,2440.0,2459.0
Venezuela (Bolivarian Republic of),2005,,5309.12,2255.95,2413.6,4321.12,4799.12,2916.25,2799.45
Venezuela (Bolivarian Republic of),2006,6957.85,5854.08,2984.25,3194.58,5370.54,6209.6,3748.61,3667.86
Venezuela (Bolivarian Republic of),2007,6524.96,7184.92,3909.65,4278.54,6887.77,7754.49,4910.97,4836.69
Venezuela (Bolivarian Republic of),2008,8.25,9.88,5.28,5.75,8.87,10.06,6.52,6.44
Venezuela (Bolivarian Republic of),2009,10.38,10.72,6.93,7.22,10.99,12.48,8.35,8.08
Venezuela (Bolivarian Republic of),2010,17.67,14.84,8.5,9.11,13.23,14.67,10.2,10.04
Venezuela (Bolivarian Republic of),2011,22.46,18.77,10.66,11.29,16.24,18.61,12.67,12.54
Venezuela (Bolivarian Republic of),2012,22.53,22.7,13.45,14.52,20.47,23.28,16.0,16.06
Venezuela (Bolivarian Republic of),2016,237.32,159.58,112.54,130.87,149.44,170.44,128.17,139.8
Venezuela (Bolivarian Republic of),2017,1368.85,2289.69,1393.91,1645.22,1922.03,2005.55,1585.32,1720.51
Viet Nam,2007,4554.31,5439.22,5505.38,6841.19,10216.94,11243.61,6898.21,7498.56
Viet Nam,2009,7179.07,8441.44,8448.9,10768.44,16126.8,19069.24,10656.83,12001.24
Viet Nam,2011,9851.0,11271.16,12338.32,14772.0,20793.31,24441.08,14615.21,16157.27
Viet Nam,2012,11756.09,13654.97,15925.13,18014.26,27052.24,31773.43,18777.12,20164.11
Viet Nam,2013,13070.43,14954.65,16861.69,19281.89,31408.45,36022.84,20966.85,22115.98
Viet Nam,2014,14577.25,16522.68,20417.82,22290.15,36642.89,41358.07,24646.13,25525.83
Viet Nam,2015,15895.52,18260.12,22963.48,24788.8,40773.13,46435.83,27146.28,28022.27
Viet Nam,2016,16873.47,19127.34,24104.59,25964.91,39838.26,47071.93,27593.51,28962.95
Viet Nam,2017,18607.13,21613.73,25173.49,27904.36,41431.33,48402.51,28881.48,30868.27
Viet Nam,2018,19482.88,22559.61,25202.24,28603.04,40799.86,48206.15,28709.74,31191.63
Viet Nam,2019,24660.36,28288.09,30813.62,34953.25,48828.54,58334.7,35201.62,38383.54
Viet Nam,2020,25552.46,29676.87,32920.02,37236.74,53231.28,61845.19,37521.33,40454.98
Viet Nam,2021,24400.07,28907.39,30605.06,35086.96,50575.75,58498.0,34889.42,38047.81
Viet Nam,2022,27884.86,32491.6,34885.54,39196.76,51949.7,61007.96,37915.51,41523.79
Viet Nam,2023,29651.52,34322.92,36325.56,41117.86,54094.05,63992.49,39527.21,43637.07
Wallis and Futuna,2019,1136.36,913.98,1131.93,1163.1,2730.38,3084.04,1726.75,1626.8
Yemen,2014,229.92,336.54,226.82,363.05,460.91,589.58,382.19,402.58
Zambia,2017,9.32,76.01,18.15,16.58,37.11,46.82,22.24,35.75
Zambia,2018,6.91,11.29,7.77,11.91,32.85,35.77,16.54,17.54
Zambia,2019,6.15,13.04,8.57,10.57,31.5,43.0,15.42,18.47
Zambia,2020,7.7,10.18,9.61,12.97,32.61,37.1,17.62,18.4
Zambia,2021,10.74,11.67,11.11,13.03,30.41,41.71,17.39,19.52
Zambia,2022,16.27,12.65,10.46,14.28,41.11,37.49,22.07,20.03
Zambia,2023,11.81,11.05,9.02,12.66,35.05,38.88,18.95,18.33
Zimbabwe,2014,0.72,0.91,1.71,1.97,3.58,4.54,1.87,2.29
Zimbabwe,2021,29.87,26.62,53.99,60.03,189.3,184.66,89.26,79.53
Zimbabwe,2022,41.43,61.47,117.55,146.26,276.31,315.83,160.64,168.25
Zimbabwe,2023,1547.94,1394.57,1813.41,1966.91,2808.63,3293.44,2386.94,2366.81
